<?xml version="1.0" encoding="UTF-8"?>
<!DOCTYPE hibernate-configuration PUBLIC "-//Hibernate/Hibernate Configuration DTD 3.0//EN" "http://hibernate.sourceforge.net/hibernate-configuration-3.0.dtd">
<hibernate-configuration>
  <session-factory>
    <property name="hibernate.dialect">org.hibernate.dialect.MySQLDialect</property>
    <property name="hibernate.connection.driver_class">com.mysql.jdbc.Driver</property>
    <property name="hibernate.connection.url">jdbc:mysql://localhost:3306/pizzaria5?zeroDateTimeBehavior=convertToNull</property>
    <property name="hibernate.connection.username">root</property>
    <property name="hibernate.hbm2ddl.auto">create</property>
    <property name="hibernate.show_sql">true</property>
    <property name="hibernate.format_sql">true</property>
    <mapping class="Entidades.Categoria"/>
    <mapping class="Entidades.Endereco"/>
    <mapping class="Entidades.Fornecedor"/>
    <mapping class="Entidades.Funcionario"/>
    <mapping class="Entidades.GenericDomain"/>
    <mapping class="Entidades.ModeloProduto"/>
    <mapping class="Entidades.Pessoa"/>
    <mapping class="Entidades.Produto"/>
    <mapping class="Entidades.Usuario"/>
    <mapping class="Entidades.Contato"/>
    <mapping class="Entidades.Cliente"/>
  </session-factory>
</hibernate-configuration>
